<?xml version="1.0" encoding="utf-8"?>
<AssetContentsRepairDetails
	xmlns:xsi="http://www.w3.org/2001/XMLSchema-instance">
	<AssetContent>
		<Name>TV</Name>
		<Tools>
			<Tool>
				<Name>Hammer</Name>
				<Quantity>2</Quantity>
			</Tool>
			<Tool>
				<Name>Screw Driver</Name>
				<Quantity>2</Quantity>
			</Tool>
			<Tool>
				<Name>Pliers</Name>
				<Quantity>2</Quantity>
			</Tool>
		</Tools>
		<Materials>
			<Material>
				<Name>Glass Cleaner</Name>
				<Quantity>2</Quantity>
			</Material>
			<Material>
				<Name>Trash Bag</Name>
				<Quantity>2</Quantity>
			</Material>
			<Material>
				<Name>Paper Towel</Name>
				<Quantity>20</Quantity>
			</Material>
		</Materials>
	</AssetContent>
	<AssetContent>
		<Name>Bed</Name>
		<Tools>
			<Tool>
				<Name>Hammer</Name>
				<Quantity>3</Quantity>
			</Tool>
			<Tool>
				<Name>Screw Driver</Name>
				<Quantity>2</Quantity>
			</Tool>
			<Tool>
				<Name>Pliers</Name>
				<Quantity>3</Quantity>
			</Tool>
			<Tool>
				<Name>Jacksaw</Name>
				<Quantity>2</Quantity>
			</Tool>
			<Tool>
				<Name>Drill</Name>
				<Quantity>5</Quantity>
			</Tool>
		</Tools>
		<Materials>
			<Material>
				<Name>Disinfectant</Name>
				<Quantity>10</Quantity>
			</Material>
			<Material>
				<Name>Floor Cleaner</Name>
				<Quantity>15</Quantity>
			</Material>
			<Material>
				<Name>Trash Bag</Name>
				<Quantity>25</Quantity>
			</Material>
			<Material>
				<Name>Paper Towel</Name>
				<Quantity>15</Quantity>
			</Material>
		</Materials>
	</AssetContent>
	<AssetContent>
		<Name>Desk</Name>
		<Tools>
			<Tool>
				<Name>Hammer</Name>
				<Quantity>3</Quantity>
			</Tool>
			<Tool>
				<Name>Screw Driver</Name>
				<Quantity>2</Quantity>
			</Tool>
			<Tool>
				<Name>Pliers</Name>
				<Quantity>3</Quantity>
			</Tool>
			<Tool>
				<Name>Jacksaw</Name>
				<Quantity>2</Quantity>
			</Tool>
			<Tool>
				<Name>Drill</Name>
				<Quantity>5</Quantity>
			</Tool>
		</Tools>
		<Materials>
			<Material>
				<Name>Disinfectant</Name>
				<Quantity>10</Quantity>
			</Material>
			<Material>
				<Name>Floor Cleaner</Name>
				<Quantity>15</Quantity>
			</Material>
			<Material>
				<Name>Trash Bag</Name>
				<Quantity>25</Quantity>
			</Material>
			<Material>
				<Name>Paper Towel</Name>
				<Quantity>15</Quantity>
			</Material>
		</Materials>
	</AssetContent>
	<AssetContent>
		<Name>Stove</Name>
		<Tools>
			<Tool>
				<Name>Hammer</Name>
				<Quantity>1</Quantity>
			</Tool>
			<Tool>
				<Name>Drill</Name>
				<Quantity>1</Quantity>
			</Tool>
			<Tool>
				<Name>Screw Driver</Name>
				<Quantity>2</Quantity>
			</Tool>
		</Tools>
		<Materials>
			<Material>
				<Name>Nails</Name>
				<Quantity>10</Quantity>
			</Material>
			<Material>
				<Name>Screws</Name>
				<Quantity>5</Quantity>
			</Material>
			<Material>
				<Name>Sand Cloth</Name>
				<Quantity>1</Quantity>
			</Material>
		</Materials>
	</AssetContent>
	<AssetContent>
		<Name>Computer</Name>
		<Tools>
			<Tool>
				<Name>Hammer</Name>
				<Quantity>1</Quantity>
			</Tool>
			<Tool>
				<Name>Jacksaw</Name>
				<Quantity>2</Quantity>
			</Tool>
		</Tools>
		<Materials>
			<Material>
				<Name>Nails</Name>
				<Quantity>10</Quantity>
			</Material>
			<Material>
				<Name>Screws</Name>
				<Quantity>5</Quantity>
			</Material>
		</Materials>
	</AssetContent>
	<AssetContent>
		<Name>Fridge</Name>
		<Tools>
			<Tool>
				<Name>Hammer</Name>
				<Quantity>1</Quantity>
			</Tool>
			<Tool>
				<Name>Screw Driver</Name>
				<Quantity>2</Quantity>
			</Tool>
		</Tools>
		<Materials>
			<Material>
				<Name>Nails</Name>
				<Quantity>10</Quantity>
			</Material>
			<Material>
				<Name>Screws</Name>
				<Quantity>5</Quantity>
			</Material>
		</Materials>
	</AssetContent>	
</AssetContentsRepairDetails>