<?xml version="1.0" encoding="UTF-8"?>
<cdtprojectproperties>
<section name="org.eclipse.cdt.internal.ui.wizards.settingswizards.IncludePaths">
<language name="C++ Source File">
<includepath>/users/studs/bsc/2015/yotamd/Desktop/freespace/cs/SPL/Assignment2/include</includepath>
<includepath workspace_path="true">/${ProjName}/include</includepath>

</language>
<language name="C Source File">
<includepath>/freespace/stud/yotamd/cs/SPL/Assignment2/include</includepath>

</language>
<language name="Object File">

</language>
<language name="Assembly Source File">

</language>
</section>
<section name="org.eclipse.cdt.internal.ui.wizards.settingswizards.Macros">
<language name="C++ Source File">

</language>
<language name="C Source File">

</language>
<language name="Object File">

</language>
<language name="Assembly Source File">

</language>
</section>
</cdtprojectproperties>
